Image,Faces Detected,Landmarks Detected,Detection Time (s),Success
Kenneth_Evans_0002.jpg,1,1,0.020113229751586914,True
Jim_Paxson_0001.jpg,1,1,0.01641225814819336,True
Andrew_Bunner_0001.jpg,1,1,0.016326427459716797,True
Christine_Baumgartner_0001.jpg,1,1,0.020716428756713867,True
Junichiro_Koizumi_0022.jpg,1,1,0.011497020721435547,True
Carlos_Ruiz_0002.jpg,1,1,0.009470462799072266,True
Arnold_Schwarzenegger_0042.jpg,1,1,0.010531902313232422,True
Mohammed_Al-Douri_0011.jpg,1,1,0.010466814041137695,True
Peter_Arnett_0003.jpg,1,1,0.01178288459777832,True
Luis_Guzman_0001.jpg,1,1,0.00917816162109375,True
Jeanette_Gray_0001.jpg,1,1,0.008981466293334961,True
Lou_Reed_0001.jpg,1,1,0.009183883666992188,True
George_W_Bush_0009.jpg,1,1,0.009235382080078125,True
Ludivine_Sagnier_0001.jpg,1,1,0.009246349334716797,True
Sally_Clark_0001.jpg,1,1,0.009167671203613281,True
Pierce_Brosnan_0005.jpg,1,1,0.009036540985107422,True
Magdalena_Maleeva_0002.jpg,1,1,0.009053707122802734,True
Grace_Kelly_0001.jpg,1,1,0.008972883224487305,True
Felicity_Huffman_0001.jpg,1,1,0.008884191513061523,True
Scott_McClellan_0003.jpg,1,1,0.009060144424438477,True
Bill_Clinton_0024.jpg,1,1,0.009067296981811523,True
Ranil_Wickremasinghe_0002.jpg,1,1,0.009075641632080078,True
Ramon_Delgado_0001.jpg,1,1,0.009115219116210938,True
Vladimir_Putin_0022.jpg,1,1,0.00901341438293457,True
Guillermo_Coria_0025.jpg,1,1,0.009991168975830078,True
Venus_Williams_0002.jpg,1,1,0.009122848510742188,True
Robert_Kocharian_0005.jpg,1,1,0.009046554565429688,True
Esteban_Cordoba-Velazquez_0001.jpg,2,2,0.010274171829223633,True
GL_Peiris_0002.jpg,1,1,0.009108543395996094,True
Jeffrey_Scott_Postell_0002.jpg,1,1,0.009172916412353516,True
Megawati_Sukarnoputri_0011.jpg,1,1,0.009126663208007812,True
Tang_Jiaxuan_0006.jpg,1,1,0.009113788604736328,True
Jose_Carlo_Fernandez_0001.jpg,1,1,0.009192228317260742,True
Gary_Leon_Ridgway_0001.jpg,1,1,0.009186267852783203,True
Rohinton_Mistry_0001.jpg,1,1,0.009322404861450195,True
Michael_Chiklis_0001.jpg,1,1,0.00916743278503418,True
Paulo_Cesar_Pinheiro_0002.jpg,1,1,0.009384393692016602,True
Nathalie_Gagnon_0001.jpg,1,1,0.009282588958740234,True
Roger_Lyons_0001.jpg,2,2,0.011094808578491211,True
George_W_Bush_0008.jpg,1,1,0.009367704391479492,True
Alan_Greenspan_0003.jpg,1,1,0.010963916778564453,True
Mark_Andrew_0001.jpg,1,1,0.011471271514892578,True
Alistair_MacDonald_0001.jpg,2,2,0.010853052139282227,True
Taha_Yassin_Ramadan_0006.jpg,3,3,0.011877059936523438,True
Laura_Linney_0001.jpg,1,1,0.009165763854980469,True
Hugh_Grant_0008.jpg,2,2,0.010790824890136719,True
Francisco_Flores_0003.jpg,1,1,0.009186267852783203,True
Claudia_Pechstein_0001.jpg,1,1,0.009735822677612305,True
Elizabeth_Hurley_0004.jpg,1,1,0.009016036987304688,True
Britney_Spears_0007.jpg,1,1,0.009119033813476562,True
Andy_Perez_0001.jpg,1,1,0.009161710739135742,True
George_W_Bush_0378.jpg,1,1,0.009111404418945312,True
Andres_Pastrana_0001.jpg,1,1,0.009169340133666992,True
Abdullah_Gul_0009.jpg,1,1,0.009312629699707031,True
Jennifer_Garner_0001.jpg,1,1,0.009248018264770508,True
Howard_Dean_0007.jpg,1,1,0.009115457534790039,True
Georgina_Papin_0001.jpg,1,1,0.00927591323852539,True
Tony_Blair_0013.jpg,1,1,0.009182214736938477,True
Jennifer_Furminger_0001.jpg,1,1,0.009858131408691406,True
Kim_Gandy_0001.jpg,1,1,0.00968790054321289,True
Lew_Rywin_0001.jpg,2,2,0.010847330093383789,True
Rick_Husband_0001.jpg,1,1,0.009454488754272461,True
Rudolph_Giuliani_0011.jpg,1,1,0.009302377700805664,True
Alexander_Losyukov_0001.jpg,1,1,0.009343385696411133,True
Jacques_Rogge_0008.jpg,1,1,0.009275674819946289,True
Kofi_Annan_0021.jpg,1,1,0.009615659713745117,True
Lleyton_Hewitt_0027.jpg,1,1,0.010734319686889648,True
George_W_Bush_0159.jpg,1,1,0.010362863540649414,True
Marty_Mornhinweg_0002.jpg,1,1,0.00976419448852539,True
Bob_Huggins_0004.jpg,1,1,0.009554862976074219,True
Gary_Forsee_0001.jpg,1,1,0.009519815444946289,True
Aline_Chretien_0001.jpg,1,1,0.01347661018371582,True
Dale_Earnhardt_Jr_0004.jpg,1,1,0.012431859970092773,True
David_Brown_0001.jpg,1,1,0.009546279907226562,True
Mahmoud_Abbas_0004.jpg,1,1,0.009604930877685547,True
Trent_Lott_0007.jpg,1,1,0.009415864944458008,True
Alejandro_Toledo_0030.jpg,1,1,0.009324789047241211,True
Jacques_Chirac_0045.jpg,1,1,0.00929880142211914,True
Hermes_Gamonal_0001.jpg,1,1,0.009734153747558594,True
Gerard_Butler_0001.jpg,2,2,0.010928630828857422,True
Jose_Maria_Aznar_0022.jpg,1,1,0.009177207946777344,True
Peter_Goldmark_0001.jpg,1,1,0.009174108505249023,True
John_Negroponte_0017.jpg,1,1,0.009123802185058594,True
Charlie_Coles_0001.jpg,1,1,0.009220361709594727,True
Holly_Robinson_Peete_0001.jpg,1,1,0.009136676788330078,True
Mike_Weir_0006.jpg,2,2,0.010633468627929688,True
Jennifer_Garner_0008.jpg,1,1,0.009022712707519531,True
Hunter_Bates_0001.jpg,1,1,0.008947610855102539,True
Ana_Palacio_0003.jpg,1,1,0.008965015411376953,True
Maria_Sanchez_Lorenzo_0001.jpg,1,1,0.009174346923828125,True
Guillermo_Ortiz_0001.jpg,1,1,0.009229183197021484,True
Gloria_Macapagal_Arroyo_0040.jpg,1,1,0.009444713592529297,True
Anna_Kournikova_0006.jpg,1,1,0.009618520736694336,True
Jonathan_Woodgate_0001.jpg,1,1,0.0158231258392334,True
Juan_Carlos_Ferrero_0027.jpg,1,1,0.013537406921386719,True
Condoleezza_Rice_0004.jpg,2,2,0.012856245040893555,True
David_Beckham_0012.jpg,1,1,0.013471603393554688,True
Tom_Ridge_0016.jpg,1,1,0.010825872421264648,True
Donald_Rumsfeld_0067.jpg,1,1,0.010049581527709961,True
George_W_Bush_0223.jpg,3,3,0.012100458145141602,True
Donald_Rumsfeld_0032.jpg,1,1,0.009095907211303711,True
Jeff_Hornacek_0001.jpg,1,1,0.009165287017822266,True
Michael_Schumacher_0009.jpg,1,1,0.009075641632080078,True
John_Eastman_0001.jpg,1,1,0.008837699890136719,True
Julie_Infante_0001.jpg,1,1,0.009130239486694336,True
Dexter_Jackson_0001.jpg,1,1,0.00941157341003418,True
Rachel_Wadsworth_0001.jpg,1,1,0.009366512298583984,True
Jacques_Rogge_0007.jpg,1,1,0.009302854537963867,True
Jack_Straw_0015.jpg,1,1,0.009190797805786133,True
Venus_Williams_0017.jpg,1,1,0.009193897247314453,True
David_Trimble_0002.jpg,1,1,0.009118318557739258,True
Pervez_Musharraf_0012.jpg,1,1,0.009118318557739258,True
Margaret_Caruso_0001.jpg,1,1,0.009236335754394531,True
Gil_de_Ferran_0004.jpg,1,1,0.00935816764831543,True
Luiz_Inacio_Lula_da_Silva_0006.jpg,1,1,0.009168386459350586,True
Jean_Chretien_0018.jpg,1,1,0.009190797805786133,True
Bill_Gates_0008.jpg,1,1,0.009196043014526367,True
Ali_Adbul_Karim_Madani_0001.jpg,1,1,0.009218931198120117,True
Colin_Powell_0108.jpg,1,1,0.009099721908569336,True
George_W_Bush_0356.jpg,1,1,0.009145975112915039,True
Jacques_Chirac_0043.jpg,1,1,0.009175539016723633,True
Al_Sharpton_0002.jpg,1,1,0.009473323822021484,True
Robin_Wagner_0001.jpg,1,1,0.00972294807434082,True
Ralph_Klein_0002.jpg,1,1,0.009820222854614258,True
Xanana_Gusmao_0004.jpg,1,1,0.009548425674438477,True
Tonga_0001.jpg,1,1,0.009429931640625,True
Carol_Burnett_0001.jpg,1,1,0.009447097778320312,True
Britney_Spears_0005.jpg,1,1,0.009873390197753906,True
George_W_Bush_0066.jpg,1,1,0.009460210800170898,True
Laura_Bush_0022.jpg,1,1,0.009469032287597656,True
George_W_Bush_0320.jpg,1,1,0.009322881698608398,True
Daniel_Bruehl_0001.jpg,1,1,0.009200811386108398,True
Arnold_Schwarzenegger_0023.jpg,1,1,0.009140253067016602,True
Sally_Kirkland_0001.jpg,1,1,0.009127616882324219,True
Grady_Little_0001.jpg,0,0,0.0075511932373046875,False
Jose_Maria_Aznar_0019.jpg,1,1,0.009166717529296875,True
Gen_Meredith_0001.jpg,1,1,0.009157657623291016,True
Edmund_Stoiber_0010.jpg,1,1,0.009087800979614258,True
Tim_Conway_0003.jpg,1,1,0.009392023086547852,True
Joan_Collins_0001.jpg,1,1,0.009182453155517578,True
Asa_Hutchinson_0001.jpg,1,1,0.009189128875732422,True
Kwon_Yang-sook_0001.jpg,1,1,0.009138107299804688,True
Estella_Warren_0001.jpg,1,1,0.009160280227661133,True
Helen_Alvare_0001.jpg,1,1,0.009106159210205078,True
Hamza_Atiya_Muhsen_0001.jpg,1,1,0.00899958610534668,True
Ismail_Abu_Shanab_0001.jpg,1,1,0.00905752182006836,True
Boris_Becker_0004.jpg,1,1,0.01381993293762207,True
Benazir_Bhutto_0003.jpg,1,1,0.01795053482055664,True
Mohammed_Mehdi_Saleh_0001.jpg,1,1,0.017961740493774414,True
George_W_Bush_0358.jpg,1,1,0.018656015396118164,True
Gary_Winnick_0001.jpg,1,1,0.018389225006103516,True
Joe_Dicaro_0001.jpg,1,1,0.013483047485351562,True
Lance_Armstrong_0006.jpg,1,1,0.009867191314697266,True
Terry_McAuliffe_0002.jpg,1,1,0.009651422500610352,True
Lance_Armstrong_0011.jpg,1,1,0.009598255157470703,True
Paul_Burrell_0006.jpg,1,1,0.009599685668945312,True
Gerhard_Schroeder_0025.jpg,1,1,0.009522676467895508,True
Tom_Scully_0001.jpg,1,1,0.009528398513793945,True
Colin_Powell_0029.jpg,1,1,0.009422063827514648,True
Gaston_Gaudio_0001.jpg,1,1,0.0092315673828125,True
Ariel_Sharon_0073.jpg,1,1,0.009223699569702148,True
Silvio_Berlusconi_0008.jpg,1,1,0.009286165237426758,True
Liliana_Cavani_0001.jpg,1,1,0.009248018264770508,True
David_Bell_0001.jpg,2,2,0.010656356811523438,True
Walter_Mondale_0009.jpg,1,1,0.0091705322265625,True
Jesus_Cardenal_0001.jpg,1,1,0.009073019027709961,True
Barry_Bonds_0001.jpg,1,1,0.009191513061523438,True
Robert_Douglas_0001.jpg,1,1,0.009101152420043945,True
Naomi_Watts_0019.jpg,1,1,0.00917816162109375,True
George_W_Bush_0440.jpg,1,1,0.009253978729248047,True
Richard_Myers_0014.jpg,1,1,0.009119033813476562,True
Rita_Moreno_0002.jpg,2,2,0.01054835319519043,True
Bob_Graham_0002.jpg,1,1,0.00908803939819336,True
Barrett_Jackman_0001.jpg,1,1,0.009099483489990234,True
Joschka_Fischer_0004.jpg,1,1,0.00925898551940918,True
Bill_Simon_0001.jpg,1,1,0.009582757949829102,True
George_W_Bush_0367.jpg,1,1,0.009603738784790039,True
Recep_Tayyip_Erdogan_0024.jpg,1,1,0.009350776672363281,True
Guy_Verhofstadt_0001.jpg,1,1,0.009432315826416016,True
Robbie_Coltrane_0001.jpg,1,1,0.009289741516113281,True
Jose_Manuel_Durao_Barroso_0006.jpg,1,1,0.009424448013305664,True
Hugo_Chavez_0050.jpg,1,1,0.009465456008911133,True
Scott_Rolen_0001.jpg,1,1,0.00936746597290039,True
Roh_Moo-hyun_0020.jpg,1,1,0.009315729141235352,True
Markus_Beyer_0001.jpg,1,1,0.00927591323852539,True
Venus_Williams_0005.jpg,1,1,0.00928950309753418,True
Lisa_Ling_0002.jpg,1,1,0.009293794631958008,True
Carson_Palmer_0002.jpg,1,1,0.009328842163085938,True
Patsy_Mink_0001.jpg,1,1,0.009402751922607422,True
Hu_Jintao_0015.jpg,1,1,0.00930643081665039,True
Timothy_Wirth_0001.jpg,1,1,0.009434700012207031,True
Mathias_Reichhold_0003.jpg,1,1,0.009348630905151367,True
Bulent_Ecevit_0003.jpg,2,2,0.010880708694458008,True
Pervez_Musharraf_0013.jpg,1,1,0.009275197982788086,True
Eugene_Melnyk_0001.jpg,1,1,0.009148120880126953,True
Gloria_Macapagal_Arroyo_0041.jpg,1,1,0.009155988693237305,True
Ian_Thorpe_0004.jpg,1,1,0.00921773910522461,True
Julie_Gerberding_0007.jpg,1,1,0.009401559829711914,True
Megan_Mullally_0003.jpg,1,1,0.009398221969604492,True
Zinedine_Zidane_0006.jpg,1,1,0.00919651985168457,True
Richard_Norton-Taylor_0002.jpg,1,1,0.009248018264770508,True
Kevin_Garnett_0001.jpg,1,1,0.009864330291748047,True
Silvio_Berlusconi_0010.jpg,1,1,0.009363412857055664,True
Sharon_Davis_0001.jpg,1,1,0.009239673614501953,True
Peter_Struck_0004.jpg,1,1,0.009264230728149414,True
Rob_Lowe_0003.jpg,1,1,0.009140729904174805,True
Ariel_Sharon_0047.jpg,2,2,0.010492086410522461,True
Mahathir_Mohamad_0005.jpg,1,1,0.009207010269165039,True
Vicente_Fox_0016.jpg,1,1,0.009450674057006836,True
Arnold_Schwarzenegger_0025.jpg,1,1,0.009216785430908203,True
Dominique_de_Villepin_0004.jpg,1,1,0.009148597717285156,True
Sally_Field_0003.jpg,1,1,0.009144783020019531,True
Mike_Matthews_0001.jpg,1,1,0.00914144515991211,True
Bijan_Namdar_Zangeneh_0001.jpg,1,1,0.009252548217773438,True
Tom_Hanks_0006.jpg,1,1,0.009222030639648438,True
Al_Gore_0004.jpg,1,1,0.009026288986206055,True
Mick_Jagger_0003.jpg,1,1,0.009041547775268555,True
Heather_Mills_0002.jpg,2,2,0.010193347930908203,True
Sam_Torrance_0002.jpg,1,1,0.009030342102050781,True
David_Bisbal_0001.jpg,1,1,0.008924484252929688,True
Dan_Duquette_0001.jpg,1,1,0.009011268615722656,True
Atal_Bihari_Vajpayee_0011.jpg,1,1,0.008918046951293945,True
Ray_Romano_0007.jpg,1,1,0.00913095474243164,True
Alan_Tang_Kwong-wing_0001.jpg,1,1,0.009173393249511719,True
Camilla_Parker_Bowles_0002.jpg,1,1,0.009142398834228516,True
Jacques_Chirac_0033.jpg,1,1,0.009082317352294922,True
Mukesh_Ambani_0003.jpg,1,1,0.008915901184082031,True
Thomas_OBrien_0009.jpg,1,1,0.00896310806274414,True
Jacques_Chirac_0049.jpg,1,1,0.008882284164428711,True
Abdel_Madi_Shabneh_0001.jpg,1,1,0.008968353271484375,True
Gerhard_Schroeder_0011.jpg,1,1,0.00890493392944336,True
Taha_Yassin_Ramadan_0010.jpg,1,1,0.009126901626586914,True
Franko_Simatovic_0001.jpg,1,1,0.009153127670288086,True
Markus_Naslund_0002.jpg,1,1,0.009179115295410156,True
Tara_Reid_0001.jpg,1,1,0.009176969528198242,True
Jeannette_Biedermann_0001.jpg,1,1,0.009209394454956055,True
Barbara_Walters_0002.jpg,1,1,0.009207725524902344,True
James_Blake_0004.jpg,1,1,0.009169578552246094,True
George_W_Bush_0261.jpg,2,2,0.011095285415649414,True
Ben_Affleck_0005.jpg,1,1,0.00961613655090332,True
Will_Ofenheusle_0001.jpg,1,1,0.00932455062866211,True
Jessica_Biel_0001.jpg,1,1,0.009255409240722656,True
George_W_Bush_0188.jpg,1,1,0.009260177612304688,True
George_Robertson_0016.jpg,1,1,0.009168148040771484,True
Nicole_Parker_0001.jpg,1,1,0.009131431579589844,True
Junichiro_Koizumi_0010.jpg,1,1,0.009135246276855469,True
Ralf_Schumacher_0001.jpg,1,1,0.008974075317382812,True
Gary_Williams_0001.jpg,1,1,0.009222030639648438,True
Mike_Scioscia_0002.jpg,1,1,0.00924229621887207,True
Dora_Bakoyianni_0001.jpg,1,1,0.009168386459350586,True
Anderson_Varejao_0001.jpg,1,1,0.009141921997070312,True
Vicente_Fox_0031.jpg,1,1,0.00902700424194336,True
George_W_Bush_0020.jpg,1,1,0.009069681167602539,True
Hugo_Chavez_0046.jpg,1,1,0.009093284606933594,True
Hans_Blix_0034.jpg,1,1,0.008971691131591797,True
John_Wolf_0002.jpg,1,1,0.008916139602661133,True
Bob_Stoops_0001.jpg,1,1,0.009111166000366211,True
Greg_Rusedski_0003.jpg,1,1,0.00917363166809082,True
Amr_Moussa_0001.jpg,1,1,0.00912332534790039,True
Annette_Lu_0001.jpg,1,1,0.009211063385009766,True
Anna_Kournikova_0003.jpg,1,1,0.009125947952270508,True
Colin_Powell_0168.jpg,1,1,0.009091854095458984,True
Alvaro_Silva_Calderon_0004.jpg,1,1,0.008945465087890625,True
Mark_Sacco_0001.jpg,1,1,0.009003162384033203,True
Andre_Agassi_0008.jpg,1,1,0.00914907455444336,True
Roy_Williams_0001.jpg,1,1,0.00913095474243164,True
Akhmed_Zakayev_0003.jpg,1,1,0.009212732315063477,True
Denise_Johnson_0002.jpg,1,1,0.009088993072509766,True
Constance_Marie_0001.jpg,1,1,0.009064912796020508,True
Tsutomu_Takebe_0002.jpg,1,1,0.008959293365478516,True
Robert_De_Niro_0006.jpg,1,1,0.009070158004760742,True
Prince_Willem-Alexander_0001.jpg,1,1,0.008981704711914062,True
Stacy_Dragila_0001.jpg,1,1,0.008929729461669922,True
Johnny_Carson_0001.jpg,1,1,0.00929570198059082,True
George_Lopez_0005.jpg,1,1,0.009366989135742188,True
Tom_Reilly_0002.jpg,1,1,0.009256124496459961,True
John_Nimmo_0001.jpg,1,1,0.00930476188659668,True
Horacio_Julio_Pina_0001.jpg,1,1,0.009154796600341797,True
Earl_Campbell_0001.jpg,1,1,0.008985757827758789,True
Tommy_Franks_0007.jpg,1,1,0.009013175964355469,True
Anne_Krueger_0001.jpg,1,1,0.008972406387329102,True
Travis_Rudolph_0001.jpg,1,1,0.009090423583984375,True
Cindy_Klassen_0001.jpg,1,1,0.009104728698730469,True
John_Howard_0002.jpg,1,1,0.009099721908569336,True
Carolina_Moraes_0002.jpg,1,1,0.009045124053955078,True
Gray_Davis_0017.jpg,1,1,0.008854866027832031,True
Jacques_Chirac_0019.jpg,1,1,0.00899195671081543,True
Spencer_Abraham_0005.jpg,1,1,0.008996963500976562,True
Sergey_Lavrov_0009.jpg,1,1,0.008917808532714844,True
James_Kelly_0003.jpg,1,1,0.008815288543701172,True
Barbara_Boxer_0001.jpg,2,2,0.010200977325439453,True
Albert_Costa_0002.jpg,1,1,0.009086847305297852,True
Susan_Whelan_0001.jpg,1,1,0.009137392044067383,True
John_McCallum_0001.jpg,1,1,0.009129762649536133,True
Charles_Holzner_0001.jpg,1,1,0.009270906448364258,True
Wayne_Ferreira_0002.jpg,1,1,0.009155988693237305,True
Dick_Cheney_0004.jpg,1,1,0.009134769439697266,True
Mohamed_Benaissa_0002.jpg,1,1,0.008894920349121094,True
Greg_Hennigar_0001.jpg,1,1,0.009052038192749023,True
Park_Na-kyong_0001.jpg,2,2,0.010494470596313477,True
Gonzalo_Sanchez_de_Lozada_0002.jpg,1,1,0.009057283401489258,True
Nicolas_Cage_0001.jpg,1,1,0.009074211120605469,True
Eric_Hinske_0001.jpg,1,1,0.008991003036499023,True
Zhu_Rongji_0006.jpg,1,1,0.008902311325073242,True
Jack_Goodman_0001.jpg,1,1,0.008943319320678711,True
Angelo_Reyes_0003.jpg,1,1,0.008872270584106445,True
Joao_Rocha_0001.jpg,1,1,0.008890867233276367,True
Andrei_Nikolishin_0001.jpg,1,1,0.009029865264892578,True
Ramon_Ponce_de_Leon_0001.jpg,1,1,0.00921940803527832,True
Felipe_Perez_Roque_0002.jpg,1,1,0.009193897247314453,True
Elsa_Zylberstein_0005.jpg,2,2,0.010622262954711914,True
George_W_Bush_0050.jpg,1,1,0.009077310562133789,True
Lindsay_Davenport_0022.jpg,1,1,0.008994102478027344,True
Rachel_Hunter_0004.jpg,1,1,0.009035587310791016,True
Paul_Gascoigne_0002.jpg,1,1,0.009107589721679688,True
Aitor_Gonzalez_0002.jpg,1,1,0.00899052619934082,True
Gerardo_Gambala_0001.jpg,1,1,0.009135246276855469,True
Eduard_Shevardnadze_0003.jpg,1,1,0.00921177864074707,True
Joe_Torre_0004.jpg,1,1,0.009156465530395508,True
Andre_Agassi_0014.jpg,1,1,0.009116649627685547,True
Jennifer_Lopez_0008.jpg,1,1,0.008970499038696289,True
Anatoliy_Kinakh_0001.jpg,1,1,0.008920669555664062,True
Adam_Sandler_0002.jpg,1,1,0.008881092071533203,True
Roy_Blunt_0001.jpg,1,1,0.008933544158935547,True
Richard_Armitage_0003.jpg,1,1,0.008994102478027344,True
Barry_Switzer_0001.jpg,1,1,0.009110212326049805,True
Nicole_Kidman_0003.jpg,1,1,0.009174585342407227,True
Geraldine_Chaplin_0002.jpg,2,2,0.01050710678100586,True
Larry_Eustachy_0001.jpg,1,1,0.009086847305297852,True
Hugo_Chavez_0038.jpg,1,1,0.009081840515136719,True
Tung_Chee-hwa_0008.jpg,1,1,0.008964300155639648,True
Dany_Heatley_0001.jpg,1,1,0.008989095687866211,True
Helena_Schneider_0001.jpg,1,1,0.008936166763305664,True
Gerhard_Schroeder_0023.jpg,1,1,0.00899505615234375,True
Johnny_Carson_0002.jpg,1,1,0.00905299186706543,True
Phil_Gramm_0002.jpg,0,0,0.0076334476470947266,False
John_Paul_II_0002.jpg,1,1,0.009108304977416992,True
Prince_Felipe_0001.jpg,1,1,0.009168624877929688,True
Yossi_Beilin_0002.jpg,1,1,0.008966684341430664,True
Kirsten_Clark_0001.jpg,1,1,0.00899362564086914,True
Gro_Harlem_Brundtland_0001.jpg,1,1,0.009000539779663086,True
Matthew_Broderick_0001.jpg,1,1,0.008990049362182617,True
Keith_Bogans_0003.jpg,1,1,0.00895237922668457,True
Martin_Boryczewski_0001.jpg,1,1,0.00901031494140625,True
Ralf_Schumacher_0008.jpg,1,1,0.009145975112915039,True
Daniel_Kurtzer_0001.jpg,1,1,0.00925755500793457,True
Tom_Daschle_0024.jpg,1,1,0.009155035018920898,True
Rudolph_Giuliani_0005.jpg,1,1,0.009156465530395508,True
George_W_Bush_0345.jpg,1,1,0.009028196334838867,True
Koji_Uehara_0001.jpg,1,1,0.009119272232055664,True
Lane_Odom_0001.jpg,1,1,0.009395122528076172,True
Charles_Taylor_0003.jpg,1,1,0.009015798568725586,True
Robin_Cook_0002.jpg,2,2,0.010386466979980469,True
Dunn_Lampton_0001.jpg,2,2,0.010790824890136719,True
Carlos_Lordkipanitse_0001.jpg,1,1,0.00912022590637207,True
Johnny_Htu_0001.jpg,1,1,0.009055852890014648,True
Tim_Henman_0004.jpg,1,1,0.008974313735961914,True
Cate_Blanchett_0004.jpg,1,1,0.009009599685668945,True
Stephen_Friedman_0001.jpg,1,1,0.00907754898071289,True
George_W_Bush_0095.jpg,1,1,0.009020328521728516,True
Hamzah_Haz_0001.jpg,1,1,0.009102582931518555,True
Geraldo_Rivera_0001.jpg,1,1,0.009082317352294922,True
Jesse_Jackson_0001.jpg,3,3,0.011692523956298828,True
Tang_Jiaxuan_0002.jpg,1,1,0.009021997451782227,True
Sergey_Lavrov_0010.jpg,1,1,0.00909423828125,True
Russell_Coutts_0001.jpg,1,1,0.0092620849609375,True
Colin_Powell_0109.jpg,1,1,0.009223222732543945,True
Manuel_Llorente_0001.jpg,1,1,0.009056329727172852,True
Stephen_Keener_0001.jpg,1,1,0.009011268615722656,True
Terunobu_Maeda_0001.jpg,1,1,0.009035825729370117,True
Igor_Ivanov_0014.jpg,2,2,0.010389328002929688,True
Tang_Jiaxuan_0011.jpg,1,1,0.008888959884643555,True
Iain_Duncan_Smith_0001.jpg,1,1,0.008945226669311523,True
Romano_Prodi_0005.jpg,1,1,0.008989572525024414,True
George_W_Bush_0495.jpg,1,1,0.009127378463745117,True
Courtney_Love_0002.jpg,1,1,0.009036064147949219,True
Charles_Grassley_0002.jpg,1,1,0.009208917617797852,True
Lynne_Cheney_0003.jpg,1,1,0.009197473526000977,True
Ahmed_Chalabi_0003.jpg,1,1,0.009140729904174805,True
Jan_Ullrich_0006.jpg,1,1,0.00911569595336914,True
George_W_Bush_0234.jpg,1,1,0.009083271026611328,True
Serena_Williams_0012.jpg,1,1,0.009048223495483398,True
Michelle_Collins_0001.jpg,1,1,0.008989810943603516,True
Natalia_Verbeke_0001.jpg,1,1,0.008977413177490234,True
Henry_Suazo_0001.jpg,1,1,0.008887529373168945,True
Marissa_Jaret_Winokur_0001.jpg,1,1,0.009046792984008789,True
Dwain_Kyles_0001.jpg,1,1,0.009019851684570312,True
Placido_Domingo_0001.jpg,1,1,0.009019613265991211,True
Elvis_Presley_0001.jpg,1,1,0.008996009826660156,True
Armando_Calderon_Sol_0001.jpg,1,1,0.008915185928344727,True
Joe_Lieberman_0012.jpg,1,1,0.008944034576416016,True
Andre_Agassi_0006.jpg,1,1,0.008949995040893555,True
John_Fox_0001.jpg,1,1,0.008950948715209961,True
Bruce_Springsteen_0004.jpg,1,1,0.008989572525024414,True
Jan_Petersen_0001.jpg,1,1,0.009107589721679688,True
Lance_Bass_0003.jpg,1,1,0.009145498275756836,True
Donald_Rumsfeld_0028.jpg,1,1,0.009070873260498047,True
Jose_Maria_Aznar_0009.jpg,1,1,0.009165048599243164,True
Aaron_Sorkin_0002.jpg,1,1,0.009252786636352539,True
James_Parker_0001.jpg,1,1,0.009171485900878906,True
George_W_Bush_0443.jpg,1,1,0.00925135612487793,True
Matthew_Ouimet_0001.jpg,1,1,0.009222984313964844,True
Brian_Billick_0001.jpg,1,1,0.009231328964233398,True
Mary_Maddux_0001.jpg,1,1,0.009199380874633789,True
Manuela_Montebrun_0001.jpg,1,1,0.009167909622192383,True
Hans_Eichel_0002.jpg,1,1,0.009097576141357422,True
Ted_Washington_0001.jpg,1,1,0.008922815322875977,True
Cameron_Diaz_0003.jpg,1,1,0.0088958740234375,True
Jon_Gruden_0007.jpg,1,1,0.009008169174194336,True
Gloria_Macapagal_Arroyo_0032.jpg,1,1,0.008901357650756836,True
Phil_Vassar_0001.jpg,1,1,0.009018182754516602,True
John_Edwards_0001.jpg,1,1,0.009074687957763672,True
Atal_Bihari_Vajpayee_0023.jpg,1,1,0.009038448333740234,True
Phil_McGraw_0001.jpg,1,1,0.009118080139160156,True
Maryn_McKenna_0001.jpg,2,2,0.0104522705078125,True
Larry_Thompson_0003.jpg,1,1,0.008923053741455078,True
Juliette_Lewis_0001.jpg,1,1,0.008985042572021484,True
Hans_Blix_0038.jpg,1,1,0.00900125503540039,True
Liza_Minnelli_0007.jpg,1,1,0.008905410766601562,True
Ruth_Harlow_0002.jpg,1,1,0.00898122787475586,True
TJ_Ford_0001.jpg,1,1,0.009294748306274414,True
Wolfgang_Clement_0001.jpg,1,1,0.009296655654907227,True
Mike_Samp_0001.jpg,1,1,0.00907444953918457,True
Denzel_Washington_0002.jpg,1,1,0.009190082550048828,True
David_Nalbandian_0002.jpg,1,1,0.009051084518432617,True
Grant_Hackett_0004.jpg,1,1,0.009090423583984375,True
Emile_Lahoud_0001.jpg,1,1,0.009172201156616211,True
Kelsey_Grammer_0001.jpg,1,1,0.009178876876831055,True
Justin_Guarini_0003.jpg,1,1,0.009102821350097656,True
Hartmut_Mehdorn_0001.jpg,1,1,0.009312868118286133,True
George_W_Bush_0475.jpg,1,1,0.009283065795898438,True
Felipe_Perez_Roque_0001.jpg,1,1,0.00923466682434082,True
Paola_Espinoza_0001.jpg,1,1,0.00906682014465332,True
Vincent_Brooks_0001.jpg,1,1,0.010297775268554688,True
Cori_Enghusen_0001.jpg,2,2,0.014776945114135742,True
Muhammad_Ali_0005.jpg,1,1,0.009551525115966797,True
Adam_Herbert_0001.jpg,1,1,0.012944936752319336,True
Hrithik_Roshan_0001.jpg,1,1,0.010323286056518555,True
Naoto_Kan_0003.jpg,1,1,0.009274005889892578,True
Maureen_Kanka_0001.jpg,1,1,0.009359598159790039,True
Jia_Qinglin_0001.jpg,1,1,0.009142637252807617,True
Christina_Aguilera_0003.jpg,1,1,0.012417316436767578,True
George_Galloway_0003.jpg,1,1,0.012605428695678711,True
Michael_Schumacher_0005.jpg,1,1,0.012422561645507812,True
Raoul_Ruiz_0003.jpg,1,1,0.01513361930847168,True
Mahmoud_Abbas_0007.jpg,1,1,0.01205897331237793,True
Sharon_Osbourne_0002.jpg,1,1,0.009395599365234375,True
Junichiro_Koizumi_0033.jpg,1,1,0.00913548469543457,True
Harvey_Wachsman_0001.jpg,0,0,0.00759124755859375,False
Jack_Straw_0017.jpg,1,1,0.009228944778442383,True
Ann_Veneman_0003.jpg,1,1,0.010009288787841797,True
Natalie_Cole_0001.jpg,1,1,0.012561321258544922,True
Gwendal_Peizerat_0001.jpg,1,1,0.009903192520141602,True
Jack_Straw_0028.jpg,1,1,0.009564638137817383,True
Leonardo_Del_Vecchio_0001.jpg,1,1,0.00939798355102539,True
Christopher_Walken_0004.jpg,1,1,0.009406566619873047,True
Robbie_Williams_0003.jpg,1,1,0.009232759475708008,True
Binyamin_Ben-Eliezer_0004.jpg,1,1,0.009127140045166016,True
Hans_Blix_0028.jpg,1,1,0.009173154830932617,True
John_Negroponte_0003.jpg,1,1,0.009347677230834961,True
Martha_Beatriz_Roque_0001.jpg,2,2,0.010733604431152344,True
Atal_Bihari_Vajpayee_0008.jpg,1,1,0.009103059768676758,True
Mark_Wahlberg_0004.jpg,1,1,0.00906515121459961,True
Carlos_Moya_0019.jpg,1,1,0.009037494659423828,True
Bill_Gates_0002.jpg,1,1,0.009050607681274414,True
Bob_Menendez_0001.jpg,1,1,0.009046792984008789,True
Bill_Graham_0004.jpg,1,1,0.009032249450683594,True
Francisco_Garcia_0001.jpg,1,1,0.008942604064941406,True
Michelle_Yeoh_0004.jpg,1,1,0.008907079696655273,True
Jose_Dirceu_0001.jpg,1,1,0.009195327758789062,True
Emily_Mortimer_0001.jpg,1,1,0.009136676788330078,True
Hugo_Chavez_0042.jpg,1,1,0.00908660888671875,True
Bulent_Ecevit_0005.jpg,1,1,0.009082317352294922,True
Donald_Rumsfeld_0039.jpg,1,1,0.009025096893310547,True
Michael_Keaton_0002.jpg,1,1,0.008984088897705078,True
Catherine_Donkers_0001.jpg,1,1,0.009051322937011719,True
Vladimir_Putin_0037.jpg,1,1,0.008963346481323242,True
Colin_Powell_0235.jpg,1,1,0.009006261825561523,True
Martha_Beatriz_Roque_0002.jpg,1,1,0.010077953338623047,True
Geoff_Hoon_0006.jpg,1,1,0.009867429733276367,True
Jack_Straw_0019.jpg,1,1,0.009890556335449219,True
Mohammad_Khatami_0009.jpg,1,1,0.009683370590209961,True
Michael_Peat_0001.jpg,1,1,0.009555339813232422,True
Malcolm_Glazer_0001.jpg,1,1,0.009575605392456055,True
Tom_Watson_0003.jpg,1,1,0.009107589721679688,True
Colin_Powell_0175.jpg,2,2,0.010397195816040039,True
Donald_Pettit_0001.jpg,1,1,0.009283065795898438,True
Taha_Yassin_Ramadan_0007.jpg,1,1,0.009265661239624023,True
Atal_Bihari_Vajpayee_0001.jpg,1,1,0.009104490280151367,True
Arturo_Gatti_0001.jpg,1,1,0.009003877639770508,True
Megawati_Sukarnoputri_0021.jpg,1,1,0.00898289680480957,True
Thomas_Scavone_0001.jpg,1,1,0.008971214294433594,True
Steffi_Graf_0001.jpg,1,1,0.00904226303100586,True
Ralph_Friedgen_0001.jpg,1,1,0.009230852127075195,True
Tommy_Thompson_0002.jpg,1,1,0.009064197540283203,True
Justine_Henin_0002.jpg,1,1,0.00909566879272461,True
Norbert_van_Heyst_0001.jpg,1,1,0.009053945541381836,True
Tony_Blair_0003.jpg,1,1,0.009066343307495117,True
Sourav_Ganguly_0002.jpg,1,1,0.009087800979614258,True
Jean_Chretien_0034.jpg,1,1,0.009136438369750977,True
Gonzalo_Sanchez_de_Lozada_0012.jpg,1,1,0.00955963134765625,True
Monica_Bellucci_0002.jpg,1,1,0.012543916702270508,True
Naomi_Watts_0004.jpg,1,1,0.010966062545776367,True
Carmen_Electra_0001.jpg,1,1,0.009339570999145508,True
Dennis_Hastert_0001.jpg,1,1,0.009252309799194336,True
Charles_Moose_0013.jpg,1,1,0.009033679962158203,True
Glen_DaSilva_0001.jpg,1,1,0.009138107299804688,True
Naomi_Watts_0010.jpg,1,1,0.009098052978515625,True
William_Ford_Jr_0004.jpg,1,1,0.009064435958862305,True
Roh_Moo-hyun_0021.jpg,1,1,0.009005546569824219,True
William_Donaldson_0007.jpg,1,1,0.009223699569702148,True
Jiri_Novak_0003.jpg,1,1,0.009157180786132812,True
Kenneth_Branagh_0001.jpg,1,1,0.009213685989379883,True
Dennis_Oswald_0001.jpg,1,1,0.009154796600341797,True
Jean_Charest_0005.jpg,3,3,0.011525869369506836,True
Junichiro_Koizumi_0018.jpg,1,1,0.00896596908569336,True
Orlando_Bloom_0002.jpg,1,1,0.009031295776367188,True
Oxana_Fedorova_0002.jpg,1,1,0.009085416793823242,True
Vanessa_Incontrada_0003.jpg,1,1,0.008980274200439453,True
Martina_McBride_0005.jpg,1,1,0.009248495101928711,True
Colin_Montgomerie_0002.jpg,1,1,0.009172201156616211,True
Roger_Mahony_0001.jpg,1,1,0.009139299392700195,True
Ari_Fleischer_0008.jpg,1,1,0.009037971496582031,True
Carlos_Menem_0003.jpg,2,2,0.010515451431274414,True
Juan_Valencia_Osorio_0001.jpg,1,1,0.009056806564331055,True
Lauren_Killian_0002.jpg,1,1,0.008980989456176758,True
John_Howard_0003.jpg,1,1,0.008937597274780273,True
Mike_Weir_0011.jpg,1,1,0.008951187133789062,True
George_W_Bush_0494.jpg,1,1,0.009040117263793945,True
David_Caruso_0002.jpg,1,1,0.009133338928222656,True
Peter_Costello_0001.jpg,1,1,0.009131908416748047,True
Heath_Ledger_0003.jpg,1,1,0.009113788604736328,True
Robert_Redford_0002.jpg,1,1,0.009006738662719727,True
Elizabeth_Dole_0003.jpg,1,1,0.008995771408081055,True
Sarah_Weddington_0001.jpg,1,1,0.008933305740356445,True
Tassos_Papadopoulos_0001.jpg,2,2,0.010202407836914062,True
Steve_Nesbitt_0001.jpg,1,1,0.00913381576538086,True
Colin_Powell_0156.jpg,1,1,0.009151697158813477,True
Mike_Tyson_0001.jpg,1,1,0.009061336517333984,True
Allyson_Felix_0001.jpg,1,1,0.009054183959960938,True
Doug_Wilson_0001.jpg,1,1,0.009009361267089844,True
Penelope_Cruz_0001.jpg,1,1,0.008967399597167969,True
Camryn_Manheim_0001.jpg,1,1,0.008961915969848633,True
Kristin_Scott_0001.jpg,1,1,0.009091615676879883,True
David_Anderson_0001.jpg,1,1,0.00913858413696289,True
Will_Self_0001.jpg,1,1,0.009133100509643555,True
Yolanda_King_0001.jpg,1,1,0.009064912796020508,True
John_Hartson_0001.jpg,1,1,0.00902700424194336,True
Bill_Frist_0008.jpg,1,1,0.009058237075805664,True
Ai_Sugiyama_0001.jpg,1,1,0.009007930755615234,True
Colin_Powell_0006.jpg,1,1,0.009297847747802734,True
Edward_Lu_0004.jpg,1,1,0.012616157531738281,True
Daniela_Cicarelli_0001.jpg,1,1,0.010312080383300781,True
George_P_Bush_0002.jpg,1,1,0.00939321517944336,True
Sonia_Gandhi_0004.jpg,1,1,0.009209394454956055,True
Sean_Penn_0001.jpg,1,1,0.009144306182861328,True
Ricardo_Lagos_0006.jpg,1,1,0.008958101272583008,True
Saeed_Mortazavi_0001.jpg,1,1,0.009110689163208008,True
George_W_Bush_0362.jpg,1,1,0.00899505615234375,True
Christine_Todd_Whitman_0006.jpg,1,1,0.009107589721679688,True
Jacques_Chirac_0038.jpg,1,1,0.009135723114013672,True
Phoenix_Chang_0001.jpg,1,1,0.00932168960571289,True
Justin_Timberlake_0001.jpg,1,1,0.00919342041015625,True
Craig_David_0001.jpg,1,1,0.009232282638549805,True
Rudolph_Giuliani_0001.jpg,1,1,0.009237289428710938,True
Angela_Merkel_0004.jpg,1,1,0.009103536605834961,True
Lleyton_Hewitt_0034.jpg,1,1,0.009067773818969727,True
Alvaro_Uribe_0025.jpg,1,1,0.008928537368774414,True
Scott_Peterson_0002.jpg,1,1,0.00895833969116211,True
Dave_Johnson_0001.jpg,1,1,0.009331941604614258,True
Gerhard_Schroeder_0093.jpg,1,1,0.009040594100952148,True
Chakib_Khelil_0001.jpg,1,1,0.009003877639770508,True
Jorge_Batlle_0002.jpg,1,1,0.008984804153442383,True
Gordon_Brown_0004.jpg,1,1,0.008955955505371094,True
Ana_Palacio_0004.jpg,1,1,0.008958578109741211,True
Diego_Colorado_0001.jpg,1,1,0.008962869644165039,True
Paul-Henri_Mathieu_0002.jpg,1,1,0.008957624435424805,True
Edie_Falco_0001.jpg,1,1,0.009096622467041016,True
Joey_Buttafuoco_0001.jpg,1,1,0.009108304977416992,True
Tom_Watson_0001.jpg,1,1,0.008988142013549805,True
Jane_Kaczmarek_0001.jpg,1,1,0.009045124053955078,True
Cristian_Barros_0001.jpg,1,1,0.009029865264892578,True
John_Ashcroft_0012.jpg,1,1,0.009023666381835938,True
James_Brosnahan_0001.jpg,1,1,0.008970022201538086,True
Alex_Penelas_0001.jpg,2,2,0.01015615463256836,True
Heizo_Takenaka_0005.jpg,1,1,0.00910186767578125,True
Jaqueline_Godoy_0001.jpg,1,1,0.00914311408996582,True
Chris_Tucker_0001.jpg,1,1,0.009174823760986328,True
Joan_Dangerfield_0001.jpg,1,1,0.009006261825561523,True
Nicole_Kidman_0007.jpg,1,1,0.008918046951293945,True
Nicanor_Duarte_Frutos_0002.jpg,1,1,0.009025096893310547,True
Michael_Douglas_0005.jpg,1,1,0.008920431137084961,True
Anthony_Hopkins_0002.jpg,1,1,0.008856773376464844,True
Carly_Fiorina_0002.jpg,1,1,0.008824586868286133,True
Brennon_Leighton_0001.jpg,1,1,0.009649991989135742,True
Gilles_Panizzi_0001.jpg,1,1,0.009295940399169922,True
Trudi_Lacey_0001.jpg,1,1,0.00992584228515625,True
Jacques_Chirac_0041.jpg,1,1,0.010004281997680664,True
Greg_Rusedski_0004.jpg,1,1,0.010122537612915039,True
Hamid_Karzai_0010.jpg,1,1,0.00966954231262207,True
Chung_Mong-joon_0002.jpg,1,1,0.010634660720825195,True
Audrey_Lacroix_0001.jpg,1,1,0.018543243408203125,True
Tony_Parker_0001.jpg,1,1,0.012192964553833008,True
Rebecca_Romijn-Stamos_0003.jpg,1,1,0.009429693222045898,True
Dianne_Reeves_0001.jpg,1,1,0.009315252304077148,True
Amy_Pascal_0001.jpg,1,1,0.009297609329223633,True
Adrien_Brody_0012.jpg,1,1,0.009290933609008789,True
Dave_Campo_0002.jpg,1,1,0.00917673110961914,True
Walter_Mondale_0005.jpg,1,1,0.009143829345703125,True
David_Leahy_0002.jpg,1,1,0.009138822555541992,True
George_W_Bush_0309.jpg,1,1,0.009232044219970703,True
Tony_Blair_0125.jpg,1,1,0.009382963180541992,True
Andy_Roddick_0007.jpg,1,1,0.009097814559936523,True
Rick_Dinse_0003.jpg,1,1,0.009469985961914062,True
Eloy_Gutierrez_0001.jpg,1,1,0.009360790252685547,True
Martha_Burk_0001.jpg,1,1,0.009450435638427734,True
James_Blake_0014.jpg,1,1,0.009640693664550781,True
George_W_Bush_0135.jpg,1,1,0.009248733520507812,True
Tony_Stewart_0001.jpg,1,1,0.009486913681030273,True
Tatiana_Kennedy_Schlossberg_0001.jpg,1,1,0.009536504745483398,True
Bernardo_Segura_0002.jpg,1,1,0.00942850112915039,True
George_W_Bush_0350.jpg,1,1,0.009044408798217773,True
Roh_Moo-hyun_0003.jpg,1,1,0.009312152862548828,True
Tab_Turner_0001.jpg,1,1,0.009109020233154297,True
Jean_Charest_0003.jpg,1,1,0.00911259651184082,True
Sebastian_Saja_0001.jpg,1,1,0.008954763412475586,True
Hu_Jintao_0010.jpg,1,1,0.009015321731567383,True
David_Sousa_0001.jpg,1,1,0.009023189544677734,True
George_W_Bush_0048.jpg,1,1,0.008980512619018555,True
Brad_Garrett_0002.jpg,1,1,0.009234189987182617,True
Bill_Gates_0012.jpg,1,1,0.009199857711791992,True
Lleyton_Hewitt_0001.jpg,1,1,0.009099721908569336,True
Donna_Walker_0001.jpg,1,1,0.009118795394897461,True
Tony_Blair_0012.jpg,1,1,0.00908517837524414,True
George_W_Bush_0485.jpg,1,1,0.009045839309692383,True
Hitoshi_Tanaka_0001.jpg,1,1,0.008949756622314453,True
Joerg_Haider_0002.jpg,1,1,0.00891733169555664,True
Mel_Karmazin_0001.jpg,1,1,0.009148359298706055,True
Tommy_Thompson_0009.jpg,1,1,0.009357929229736328,True
Tiger_Woods_0023.jpg,1,1,0.009197235107421875,True
Naji_Sabri_0002.jpg,2,2,0.010519981384277344,True
Yao_Ming_0007.jpg,1,1,0.008972406387329102,True
Condoleezza_Rice_0006.jpg,1,1,0.008953571319580078,True
Luis_Horna_0003.jpg,1,1,0.008960962295532227,True
Wen_Ho_Lee_0001.jpg,2,2,0.010503530502319336,True
Richard_Pennington_0001.jpg,1,1,0.009412288665771484,True
Bill_Clinton_0009.jpg,2,2,0.010577678680419922,True
Sergei_Yastrzhembsky_0001.jpg,1,1,0.00899195671081543,True
James_Cunningham_0002.jpg,1,1,0.009088993072509766,True
George_W_Bush_0268.jpg,0,0,0.0076754093170166016,False
Tom_Ridge_0001.jpg,1,1,0.009630918502807617,True
Luiz_Inacio_Lula_da_Silva_0010.jpg,1,1,0.012930154800415039,True
Nathan_Powell_0001.jpg,1,1,0.011076688766479492,True
Rhett_Warrener_0001.jpg,1,1,0.00964665412902832,True
Pervez_Musharraf_0008.jpg,1,1,0.009341955184936523,True
Edmund_Stoiber_0004.jpg,1,1,0.009463071823120117,True
Ben_Broussard_0001.jpg,1,1,0.009721040725708008,True
Winona_Ryder_0007.jpg,1,1,0.010720491409301758,True
Kofi_Annan_0030.jpg,1,1,0.012744903564453125,True
Kosuke_Kitajima_0002.jpg,2,2,0.012258768081665039,True
Gore_Verbinski_0001.jpg,1,1,0.009205818176269531,True
Dan_Dickau_0001.jpg,1,1,0.009218692779541016,True
Kwon_Yang-sook_0003.jpg,1,1,0.009140491485595703,True
Stefano_Gabbana_0001.jpg,1,1,0.009763002395629883,True
Yasar_Yakis_0001.jpg,1,1,0.009577274322509766,True
Colin_Powell_0134.jpg,1,1,0.009533166885375977,True
Jiri_Novak_0008.jpg,1,1,0.009488582611083984,True
Steve_Patterson_0001.jpg,1,1,0.009338140487670898,True
Chuck_Amato_0001.jpg,1,1,0.009225606918334961,True
Andre_Agassi_0025.jpg,1,1,0.009123802185058594,True
Robert_Evans_0002.jpg,1,1,0.009229183197021484,True
Rio_Ferdinand_0001.jpg,1,1,0.009241819381713867,True
John_McEnroe_0002.jpg,1,1,0.009181022644042969,True
Eduard_Shevardnadze_0001.jpg,1,1,0.009080171585083008,True
Quincy_Jones_0001.jpg,1,1,0.00891566276550293,True
Bianca_Jagger_0001.jpg,1,1,0.008899688720703125,True
Ray_Romano_0008.jpg,1,1,0.008927583694458008,True
Grant_Hackett_0003.jpg,1,1,0.008947610855102539,True
Billy_Crystal_0006.jpg,0,0,0.007642984390258789,False
Brian_Florence_0001.jpg,1,1,0.00912618637084961,True
Wayne_Newton_0001.jpg,1,1,0.00916147232055664,True
Colin_Powell_0021.jpg,1,1,0.009514093399047852,True
Fidel_Castro_0011.jpg,1,1,0.009138345718383789,True
James_Kelly_0002.jpg,1,1,0.009051322937011719,True
Colin_Powell_0142.jpg,1,1,0.00889730453491211,True
Amanda_Bynes_0001.jpg,1,1,0.008966684341430664,True
George_W_Bush_0190.jpg,1,1,0.008945703506469727,True
Daniel_Radcliffe_0001.jpg,1,1,0.008978128433227539,True
Jeremy_Greenstock_0023.jpg,1,1,0.009083271026611328,True
Nicanor_Duarte_Frutos_0003.jpg,1,1,0.00916600227355957,True
Cheryl_Tiegs_0001.jpg,1,1,0.00920248031616211,True
Chris_Columbus_0001.jpg,1,1,0.009102582931518555,True
Ricardo_Lagos_0027.jpg,1,1,0.008939981460571289,True
Hideki_Sato_0001.jpg,1,1,0.008946895599365234,True
Queen_Rania_0005.jpg,1,1,0.008986234664916992,True
Natasha_Henstridge_0001.jpg,1,1,0.00891733169555664,True
George_W_Bush_0039.jpg,1,1,0.008907556533813477,True
Vladimir_Ustinov_0001.jpg,1,1,0.008891105651855469,True
Amelie_Mauresmo_0008.jpg,1,1,0.009153604507446289,True
Lawrence_Vito_0001.jpg,1,1,0.009259462356567383,True
Fujio_Cho_0002.jpg,1,1,0.00966334342956543,True
Jennifer_Connelly_0002.jpg,1,1,0.012955427169799805,True
Brian_Cowen_0001.jpg,1,1,0.010796308517456055,True
Chelsea_Clinton_0001.jpg,1,1,0.009292364120483398,True
Jean-David_Levitte_0004.jpg,1,1,0.009170770645141602,True
Silvio_Berlusconi_0014.jpg,1,1,0.00900411605834961,True
Angelo_Reyes_0001.jpg,1,1,0.008990049362182617,True
Alfred_Ford_0001.jpg,1,1,0.009250879287719727,True
Jason_Lezak_0002.jpg,1,1,0.009179830551147461,True
Colin_Powell_0056.jpg,1,1,0.009084463119506836,True
Robin_Williams_0001.jpg,1,1,0.009059429168701172,True
Michael_Bloomberg_0009.jpg,1,1,0.008983850479125977,True
Heinrich_Wolfgang_0001.jpg,1,1,0.008974075317382812,True
Olivier_Boulay_0001.jpg,1,1,0.008882284164428711,True
Winona_Ryder_0012.jpg,1,1,0.00918436050415039,True
George_Robertson_0001.jpg,1,1,0.00911855697631836,True
Curtis_Strange_0001.jpg,1,1,0.009153604507446289,True
Jerry_Regier_0004.jpg,1,1,0.009119749069213867,True
Roger_King_0001.jpg,1,1,0.009094953536987305,True
Eddie_Fenech_Adami_0001.jpg,1,1,0.009120941162109375,True
Jerry_Seinfeld_0001.jpg,1,1,0.009011030197143555,True
Kofi_Annan_0007.jpg,1,1,0.008889913558959961,True
Christian_Longo_0003.jpg,1,1,0.009092569351196289,True
George_W_Bush_0455.jpg,1,1,0.009107112884521484,True
Chris_Noth_0001.jpg,1,1,0.009035110473632812,True
Michael_Powell_0004.jpg,1,1,0.009057044982910156,True
Fran_Drescher_0001.jpg,1,1,0.008997201919555664,True
David_Suazo_0001.jpg,2,2,0.010199546813964844,True
Alastair_Johnston_0001.jpg,1,1,0.008955240249633789,True
George_W_Bush_0303.jpg,1,1,0.008969306945800781,True
Eva_Dimas_0002.jpg,1,1,0.008907079696655273,True
Gregory_Peck_0001.jpg,1,1,0.009096145629882812,True
George_W_Bush_0061.jpg,1,1,0.009125709533691406,True
Melissa_Etheridge_0002.jpg,2,2,0.010674715042114258,True
Paul-Henri_Mathieu_0003.jpg,1,1,0.008994817733764648,True
Fabiola_Zuluaga_0001.jpg,1,1,0.00895547866821289,True
Chante_Jawan_Mallard_0001.jpg,1,1,0.00894618034362793,True
Ray_Romano_0005.jpg,1,1,0.009015560150146484,True
Igor_Trunov_0001.jpg,1,1,0.008946657180786133,True
Sean_Hayes_0002.jpg,1,1,0.009028434753417969,True
Rey_Sanchez_0001.jpg,1,1,0.008994579315185547,True
Yao_Ming_0004.jpg,2,2,0.010544538497924805,True
John_Snow_0017.jpg,1,1,0.009642601013183594,True
Heidi_Fleiss_0002.jpg,1,1,0.009439468383789062,True
Brad_Garrett_0004.jpg,1,1,0.009226322174072266,True
Dick_Posthumus_0001.jpg,1,1,0.009269952774047852,True
Paul_Kariya_0001.jpg,1,1,0.009137630462646484,True
Luiz_Inacio_Lula_da_Silva_0036.jpg,1,1,0.009078502655029297,True
Andre_Agassi_0034.jpg,1,1,0.009230613708496094,True
Dean_Barkley_0004.jpg,1,1,0.00955653190612793,True
Anton_Balasingham_0001.jpg,2,2,0.011797666549682617,True
Kate_Winslet_0001.jpg,1,1,0.01259469985961914,True
Edward_Johnson_0001.jpg,1,1,0.010848283767700195,True
Nigel_Redden_0001.jpg,1,1,0.009146928787231445,True
Sharon_Davis_0002.jpg,1,1,0.009310245513916016,True
Tim_Duncan_0001.jpg,1,1,0.009265899658203125,True
Michael_Haneke_0001.jpg,1,1,0.00928950309753418,True
Zach_Pillar_0001.jpg,1,1,0.009304046630859375,True
Renee_Zellweger_0007.jpg,1,1,0.00923013687133789,True
Queen_Beatrix_0003.jpg,1,1,0.009099006652832031,True
John_Thune_0001.jpg,0,0,0.007660627365112305,False
Andre_Agassi_0022.jpg,1,1,0.009023427963256836,True
Terrell_Suggs_0001.jpg,1,1,0.00907444953918457,True
Warren_Granados_0001.jpg,1,1,0.009070634841918945,True
George_W_Bush_0074.jpg,1,1,0.008929729461669922,True
Jean-Rene_Fourtou_0001.jpg,1,1,0.009055137634277344,True
Sergio_Garcia_0002.jpg,1,1,0.009157896041870117,True
Cruz_Bustamante_0001.jpg,1,1,0.009225606918334961,True
Tommy_Thompson_0003.jpg,1,1,0.009084463119506836,True
Colin_Powell_0219.jpg,1,1,0.009057998657226562,True
Mick_Jagger_0004.jpg,1,1,0.009007930755615234,True
Luiz_Inacio_Lula_da_Silva_0018.jpg,1,1,0.008964061737060547,True
Dennis_Erickson_0002.jpg,1,1,0.009025335311889648,True
Collis_Temple_III_0001.jpg,1,1,0.008992671966552734,True
Goldie_Hawn_0003.jpg,1,1,0.009002923965454102,True
Habib_Rizieq_0005.jpg,1,1,0.009191513061523438,True
Gerhard_Schroeder_0077.jpg,1,1,0.009160041809082031,True
Gian_Marco_0002.jpg,1,1,0.009034395217895508,True
Bill_Simon_0008.jpg,1,1,0.009027481079101562,True
Michael_Weiss_0001.jpg,1,1,0.008935213088989258,True
Monique_Gagnon-Tremblay_0001.jpg,1,1,0.008958578109741211,True
Steve_Blankenship_0001.jpg,1,1,0.008872509002685547,True
John_Ashcroft_0035.jpg,1,1,0.008870124816894531,True
Mike_Myers_0001.jpg,1,1,0.00885772705078125,True
Nancy_Humbert_0001.jpg,1,1,0.009167909622192383,True
Junichiro_Koizumi_0032.jpg,1,1,0.009102344512939453,True
Hugh_Miller_0001.jpg,1,1,0.009213447570800781,True
Billy_Gilman_0001.jpg,1,1,0.009143352508544922,True
Mary_Catherine_Correll_0001.jpg,1,1,0.008983373641967773,True
Robert_Blake_0003.jpg,1,1,0.009058475494384766,True
Michelle_Chiklis_0001.jpg,1,1,0.008910655975341797,True
Jamir_Miller_0001.jpg,1,1,0.008962154388427734,True
Wendell_Bryant_0001.jpg,1,1,0.009143590927124023,True
Ann_Veneman_0002.jpg,1,1,0.009494304656982422,True
Mario_Alfaro-Lopez_0001.jpg,1,1,0.009116888046264648,True
Gustavo_Terrazas_0001.jpg,1,1,0.009029150009155273,True
Jim_Furyk_0001.jpg,1,1,0.009597063064575195,True
David_Beckham_0027.jpg,1,1,0.00948190689086914,True
Colin_Farrell_0005.jpg,1,1,0.009361028671264648,True
Jean_Charest_0016.jpg,1,1,0.009518623352050781,True
Peter_Hollingworth_0001.jpg,1,1,0.011330366134643555,True
Mike_Weir_0009.jpg,1,1,0.017835378646850586,True
John_Allen_Muhammad_0005.jpg,1,1,0.009485960006713867,True
Mark_Warner_0001.jpg,1,1,0.026077985763549805,True
Jean_Chretien_0021.jpg,1,1,0.009756803512573242,True
Ralph_Firman_0001.jpg,1,1,0.009249687194824219,True
Winona_Ryder_0015.jpg,1,1,0.009315967559814453,True
Yann_Martel_0002.jpg,1,1,0.009278059005737305,True
Maria_Soledad_Alvear_Valenzuela_0005.jpg,1,1,0.009137630462646484,True
Jorma_Huhtala_0001.jpg,1,1,0.009048700332641602,True
Eduardo_Duhalde_0004.jpg,1,1,0.008998632431030273,True
Cindy_Crawford_0003.jpg,1,1,0.008981704711914062,True
Alfredo_di_Stefano_0001.jpg,1,1,0.00901484489440918,True
Tono_Suratman_0001.jpg,1,1,0.009077072143554688,True
Colin_Powell_0054.jpg,1,1,0.009124279022216797,True
Cecilia_Cheung_0001.jpg,1,1,0.009145021438598633,True
Boris_Henry_0001.jpg,1,1,0.00941324234008789,True
Michael_Arif_0001.jpg,1,1,0.00925588607788086,True
Hikmat_al-Azzawi_0001.jpg,1,1,0.009197711944580078,True
Emilio_Azcarraga_Jean_0001.jpg,1,1,0.00916743278503418,True
George_W_Bush_0396.jpg,1,1,0.00904703140258789,True
Cruz_Bustamante_0003.jpg,1,1,0.008968591690063477,True
Barbara_Esbin_0001.jpg,1,1,0.009020328521728516,True
Christiane_Wulff_0001.jpg,1,1,0.009192228317260742,True
Erin_Hershey_Presley_0001.jpg,1,1,0.009091854095458984,True
Hee-Won_Han_0002.jpg,1,1,0.009187698364257812,True
Colin_Powell_0173.jpg,1,1,0.009079694747924805,True
Steve_Peace_0001.jpg,1,1,0.009025096893310547,True
Dino_de_Laurentis_0001.jpg,1,1,0.008992195129394531,True
Joaquin_Phoenix_0001.jpg,1,1,0.009020328521728516,True
Rick_Stansbury_0002.jpg,1,1,0.008968353271484375,True
Carlos_Moya_0002.jpg,1,1,0.008994817733764648,True
Scott_Yates_0001.jpg,1,1,0.009212017059326172,True
Lynne_Cheney_0001.jpg,1,1,0.009197473526000977,True
Zinedine_Zidane_0005.jpg,1,1,0.009222030639648438,True
Carlos_Moya_0015.jpg,1,1,0.009158134460449219,True
Jean_Carnahan_0001.jpg,1,1,0.00903177261352539,True
Hugo_Chavez_0019.jpg,1,1,0.008926868438720703,True
Natasha_McElhone_0002.jpg,1,1,0.009284257888793945,True
Ari_Fleischer_0006.jpg,1,1,0.009526729583740234,True
Akiko_Morigami_0001.jpg,1,1,0.009190797805786133,True
Mitchell_Swartz_0001.jpg,1,1,0.00948476791381836,True
Jose_Maria_Aznar_0012.jpg,2,2,0.011055946350097656,True
Colin_Powell_0182.jpg,1,1,0.009314775466918945,True
Cynthia_Rowley_0001.jpg,1,1,0.009250879287719727,True
Raul_Chacon_0001.jpg,1,1,0.00912928581237793,True
Gael_Garcia_Bermal_0001.jpg,1,1,0.009177207946777344,True
Conrad_Black_0001.jpg,1,1,0.009137392044067383,True
Meryl_Streep_0010.jpg,1,1,0.009128332138061523,True
Shimon_Peres_0007.jpg,1,1,0.009099960327148438,True
Rupert_Murdoch_0002.jpg,1,1,0.009417533874511719,True
Fernando_Henrique_Cardoso_0007.jpg,1,1,0.012665748596191406,True
Jennifer_Aniston_0011.jpg,1,1,0.010845661163330078,True
Dan_Morales_0002.jpg,1,1,0.009221792221069336,True
Michelle_Yeoh_0005.jpg,1,1,0.009183645248413086,True
Paula_Prentiss_0001.jpg,1,1,0.00908517837524414,True
Ashley_Postell_0001.jpg,1,1,0.009058713912963867,True
Gerhard_Schroeder_0010.jpg,1,1,0.008909225463867188,True
Gerhard_Schroeder_0087.jpg,1,1,0.00896596908569336,True
Roberto_Canessa_0001.jpg,1,1,0.009147167205810547,True
Laura_Linney_0004.jpg,1,1,0.009238481521606445,True
Vladimir_Voltchkov_0002.jpg,1,1,0.009155511856079102,True
George_W_Bush_0065.jpg,1,1,0.00905609130859375,True
Yasar_Yakis_0003.jpg,1,1,0.008875131607055664,True
Ellen_Engleman_0002.jpg,1,1,0.00897669792175293,True
Gregg_Popovich_0005.jpg,1,1,0.008938789367675781,True
Tom_Ridge_0015.jpg,1,1,0.008941888809204102,True
Albert_Brooks_0001.jpg,1,1,0.00905919075012207,True
Stellan_Skarsgard_0001.jpg,1,1,0.009093284606933594,True
Stephen_Ambrose_0002.jpg,1,1,0.00909113883972168,True
Gavin_Degraw_0001.jpg,1,1,0.009047508239746094,True
Lleyton_Hewitt_0004.jpg,1,1,0.009069442749023438,True
Koichi_Tanaka_0001.jpg,1,1,0.009002208709716797,True
Herbie_Hancock_0001.jpg,1,1,0.009043216705322266,True
Colin_Powell_0018.jpg,1,1,0.009004592895507812,True
Nicklas_Lidstrom_0001.jpg,1,1,0.009275197982788086,True
Tom_Cruise_0010.jpg,1,1,0.009237051010131836,True
Ana_Palacio_0002.jpg,1,1,0.009291648864746094,True
Anna_Kournikova_0004.jpg,1,1,0.009147405624389648,True
Raul_Gonzalez_0001.jpg,1,1,0.00925445556640625,True
Kirk_Franklin_0001.jpg,1,1,0.009354591369628906,True
Raja_Ibrahim_0001.jpg,1,1,0.009191513061523438,True
Elsa_Zylberstein_0001.jpg,1,1,0.009118080139160156,True
Robert_Mueller_0003.jpg,1,1,0.009140491485595703,True
Carlos_Menem_0020.jpg,1,1,0.009143829345703125,True
Carlos_Vives_0001.jpg,2,2,0.010697603225708008,True
Michael_Ballack_0002.jpg,1,1,0.009151458740234375,True
Serena_Williams_0047.jpg,2,2,0.010389566421508789,True
Natalie_Cole_0003.jpg,1,1,0.008924722671508789,True
George_W_Bush_0383.jpg,1,1,0.008914709091186523,True
Vladimir_Meciar_0001.jpg,1,1,0.008851289749145508,True
Robert_Witt_0002.jpg,1,1,0.008824825286865234,True
Martha_Bowen_0001.jpg,1,1,0.009128332138061523,True
Charles_Moose_0005.jpg,1,1,0.009193897247314453,True
Christoph_Daum_0001.jpg,1,1,0.009085655212402344,True
Queen_Elizabeth_II_0003.jpg,1,1,0.00903773307800293,True
Andre_Agassi_0030.jpg,1,1,0.009038209915161133,True
Tony_Blair_0026.jpg,1,1,0.009007453918457031,True
Crandall_Bowles_0001.jpg,1,1,0.009032964706420898,True
JP_Suarez_0001.jpg,2,2,0.010248184204101562,True
Yao_Ming_0002.jpg,1,1,0.009623050689697266,True
Heather_Mills_0004.jpg,1,1,0.013038873672485352,True
Johnny_Depp_0001.jpg,1,1,0.010490894317626953,True
Rick_Dinse_0001.jpg,1,1,0.009199142456054688,True
Bill_Parsons_0001.jpg,1,1,0.00924825668334961,True
Ben_Affleck_0003.jpg,2,2,0.010642766952514648,True
Emelie_Loit_0001.jpg,1,1,0.009039878845214844,True
Rob_Lowe_0002.jpg,1,1,0.009144783020019531,True
Jennifer_Aniston_0014.jpg,1,1,0.009180068969726562,True
Rolf_Zimmermann_0001.jpg,1,1,0.00913238525390625,True
John_Abizaid_0007.jpg,1,1,0.009139060974121094,True
John_McCain_0001.jpg,1,1,0.009072065353393555,True
Derek_Lowe_0001.jpg,1,1,0.00897526741027832,True
Arnold_Schwarzenegger_0007.jpg,2,2,0.010620832443237305,True
Mariana_Pollack_0003.jpg,1,1,0.008963823318481445,True
Dave_Williams_0001.jpg,1,1,0.008930444717407227,True
Queen_Latifah_0003.jpg,1,1,0.009119510650634766,True
Gary_Marshall_0001.jpg,1,1,0.009113788604736328,True
Tom_McClintock_0001.jpg,1,1,0.009096145629882812,True
Thierry_Falise_0002.jpg,1,1,0.009096145629882812,True
George_HW_Bush_0013.jpg,1,1,0.009028196334838867,True
Jennifer_Lopez_0012.jpg,1,1,0.009027481079101562,True
Takashi_Yamamoto_0001.jpg,1,1,0.009068489074707031,True
Lennart_Johansson_0001.jpg,1,1,0.008891820907592773,True
Scott_McNealy_0001.jpg,1,1,0.009045124053955078,True
John_Nash_0001.jpg,1,1,0.009058952331542969,True
Steve_Case_0001.jpg,1,1,0.009149551391601562,True
George_W_Bush_0041.jpg,1,1,0.009021759033203125,True
Wesley_Clark_0001.jpg,1,1,0.008998870849609375,True
John_Bolton_0001.jpg,1,1,0.008942365646362305,True
Fidel_Castro_0006.jpg,1,1,0.008926868438720703,True
Sun_Myung_Moon_0001.jpg,1,1,0.008944034576416016,True
Jose_Serra_0008.jpg,1,1,0.008968353271484375,True
Hamid_Karzai_0016.jpg,1,1,0.008894920349121094,True
Norodom_Sihanouk_0003.jpg,1,1,0.009007692337036133,True
Felipe_De_Borbon_0001.jpg,1,1,0.009135007858276367,True
Jade_Jagger_0001.jpg,1,1,0.00907754898071289,True
Fabiola_Zuluaga_0002.jpg,1,1,0.009027957916259766,True
Stella_McCartney_0001.jpg,1,1,0.009049654006958008,True
Vincent_Gallo_0003.jpg,1,1,0.00910639762878418,True
Nathalie_Baye_0003.jpg,1,1,0.009029626846313477,True
Patrick_Dennehy_0001.jpg,1,1,0.008891582489013672,True
Paul_ONeill_0005.jpg,1,1,0.009155035018920898,True
Bruce_Springsteen_0001.jpg,1,1,0.009110212326049805,True
John_Ferguson_0001.jpg,1,1,0.009097576141357422,True
Gerhard_Schroeder_0068.jpg,1,1,0.008944034576416016,True
John_Lawrence_0001.jpg,1,1,0.008942365646362305,True
Alexandra_Vodjanikova_0002.jpg,1,1,0.008884429931640625,True
Patrick_Roy_0002.jpg,1,1,0.008917808532714844,True
Philip_Zalewski_0001.jpg,2,2,0.010163307189941406,True
Diana_Munz_0001.jpg,1,1,0.009325265884399414,True
Ricardo_Lagos_0020.jpg,1,1,0.012617111206054688,True
Gennifer_Flowers_0001.jpg,1,1,0.01125025749206543,True
Tippi_Hedren_0001.jpg,1,1,0.009359598159790039,True
Tom_Ridge_0013.jpg,1,1,0.009225845336914062,True
Wayne_Gretzky_0003.jpg,1,1,0.009283065795898438,True
Gilberto_Simoni_0001.jpg,1,1,0.009220600128173828,True
Ali_Abbas_0002.jpg,1,1,0.00912785530090332,True
Megawati_Sukarnoputri_0005.jpg,1,1,0.009015083312988281,True
Gerhard_Schroeder_0088.jpg,1,1,0.009060382843017578,True
John_Gruden_0001.jpg,1,1,0.009052038192749023,True
Tom_Cruise_0009.jpg,1,1,0.009126424789428711,True
Javier_Solana_0005.jpg,1,1,0.009137868881225586,True
Bertie_Ahern_0001.jpg,1,1,0.009098291397094727,True
Junichiro_Koizumi_0053.jpg,1,1,0.008947134017944336,True
Joaquin_Sanchez_0001.jpg,1,1,0.008952856063842773,True
George_Clooney_0006.jpg,1,1,0.008949041366577148,True
Colin_Powell_0147.jpg,1,1,0.008883237838745117,True
Laura_Bush_0024.jpg,1,1,0.009118080139160156,True
Laura_Bush_0028.jpg,1,1,0.009116888046264648,True
Bruce_Weber_0002.jpg,1,1,0.009116172790527344,True
Steve_Park_0001.jpg,1,1,0.009060382843017578,True
Colin_Campbell_0001.jpg,1,1,0.009027719497680664,True
Jiang_Zemin_0019.jpg,1,1,0.008942604064941406,True
Luis_Gonzalez_0001.jpg,1,1,0.008938789367675781,True
Jules_Asner_0001.jpg,1,1,0.008936405181884766,True
Earl_Counter_0001.jpg,1,1,0.009022712707519531,True
LK_Advani_0003.jpg,1,1,0.009082794189453125,True
Jonathan_Edwards_0001.jpg,1,1,0.009114503860473633,True
Hans_Blix_0003.jpg,1,1,0.009050607681274414,True
Gabriel_Valdes_0001.jpg,1,1,0.008905410766601562,True
Justin_Timberlake_0006.jpg,1,1,0.00902557373046875,True
Donald_Rumsfeld_0020.jpg,1,1,0.008898019790649414,True
Arminio_Fraga_0006.jpg,1,1,0.008887052536010742,True
Christian_Lacroix_0001.jpg,1,1,0.008934974670410156,True
Dustin_Brown_0001.jpg,1,1,0.008948802947998047,True
Milo_Maestrecampo_0001.jpg,1,1,0.009096860885620117,True
Jean_Chretien_0029.jpg,1,1,0.00914311408996582,True
Chanda_Rubin_0002.jpg,1,1,0.009124994277954102,True
Elsa_Zylberstein_0003.jpg,1,1,0.009201288223266602,True
Hugo_Chavez_0052.jpg,1,1,0.008983850479125977,True
George_W_Bush_0337.jpg,1,1,0.008918285369873047,True
Lee_Hoi-chang_0001.jpg,1,1,0.008954048156738281,True
Jafar_Umar_Thalib_0001.jpg,1,1,0.00899958610534668,True
Alex_Barros_0002.jpg,1,1,0.00903010368347168,True
Abdullah_0004.jpg,1,1,0.009067296981811523,True
Jean_Chretien_0038.jpg,1,1,0.009085893630981445,True
Yao_Ming_0003.jpg,1,1,0.009110689163208008,True
Wen_Jiabao_0003.jpg,1,1,0.00905919075012207,True
Vladimir_Putin_0020.jpg,1,1,0.008983135223388672,True
